<?xml pogversion='1.0' encoding='utf-8'?>
<TextureAtlas imagePath="Taeyai.png">
<SubTexture name="BF idle dance0000" x="0" y="0" width="904" height="904" frameX="155" frameY="500" frameWidth="400" frameHeight="230" />
<SubTexture name="BF idle dance0001" x="0" y="0" width="904" height="904" frameX="155" frameY="500" frameWidth="400" frameHeight="230" />
<SubTexture name="BF idle dance0002" x="904" y="0" width="904" height="904" frameX="155" frameY="500" frameWidth="400" frameHeight="230" />
<SubTexture name="BF idle dance0003" x="904" y="0" width="904" height="904" frameX="155" frameY="500" frameWidth="400" frameHeight="230" />
<SubTexture name="BF idle dance0004" x="1808" y="0" width="904" height="904" frameX="155" frameY="500" frameWidth="400" frameHeight="230" />
<SubTexture name="BF idle dance0005" x="1808" y="0" width="904" height="904" frameX="155" frameY="500" frameWidth="400" frameHeight="230" />
<SubTexture name="BF NOTE DOWN0000" x="3616" y="1808" width="904" height="904" frameX="160" frameY="550" frameWidth="400" frameHeight="230" />
<SubTexture name="BF NOTE DOWN0001" x="3616" y="1808" width="904" height="904" frameX="160" frameY="550" frameWidth="400" frameHeight="230" />
<SubTexture name="BF NOTE DOWN0002" x="0" y="2712" width="904" height="904" frameX="160" frameY="550" frameWidth="400" frameHeight="230" />
<SubTexture name="BF NOTE DOWN0003" x="0" y="2712" width="904" height="904" frameX="160" frameY="550" frameWidth="400" frameHeight="230" />
<SubTexture name="BF NOTE DOWN0004" x="904" y="2712" width="904" height="904" frameX="160" frameY="550" frameWidth="400" frameHeight="230" />
<SubTexture name="BF NOTE DOWN0005" x="904" y="2712" width="904" height="904" frameX="160" frameY="550" frameWidth="400" frameHeight="230" />
<SubTexture name="BF NOTE DOWN0006" x="1808" y="2712" width="904" height="904" frameX="160" frameY="550" frameWidth="400" frameHeight="230" />
<SubTexture name="BF NOTE DOWN0007" x="1808" y="2712" width="904" height="904" frameX="160" frameY="550" frameWidth="400" frameHeight="230" />
<SubTexture name="BF NOTE DOWN0008" x="1808" y="2712" width="904" height="904" frameX="160" frameY="550" frameWidth="400" frameHeight="230" />
<SubTexture name="BF NOTE DOWN0009" x="1808" y="2712" width="904" height="904" frameX="160" frameY="550" frameWidth="400" frameHeight="230" />
<SubTexture name="BF NOTE DOWN0010" x="1808" y="2712" width="904" height="904" frameX="160" frameY="550" frameWidth="400" frameHeight="230" />
<SubTexture name="BF NOTE DOWN0011" x="1808" y="2712" width="904" height="904" frameX="160" frameY="550" frameWidth="400" frameHeight="230" />
<SubTexture name="BF NOTE DOWN0012" x="1808" y="2712" width="904" height="904" frameX="160" frameY="550" frameWidth="400" frameHeight="230" />
<SubTexture name="BF NOTE DOWN0013" x="1808" y="2712" width="904" height="904" frameX="160" frameY="550" frameWidth="400" frameHeight="230" />
<SubTexture name="BF NOTE DOWN0014" x="1808" y="2712" width="904" height="904" frameX="160" frameY="550" frameWidth="400" frameHeight="230" />
<SubTexture name="BF NOTE LEFT0000" x="2712" y="2712" width="904" height="904" frameX="138" frameY="506" frameWidth="400" frameHeight="230" />
<SubTexture name="BF NOTE LEFT0001" x="2712" y="2712" width="904" height="904" frameX="138" frameY="506" frameWidth="400" frameHeight="230" />
<SubTexture name="BF NOTE LEFT0002" x="3616" y="2712" width="904" height="904" frameX="138" frameY="506" frameWidth="400" frameHeight="230" />
<SubTexture name="BF NOTE LEFT0003" x="3616" y="2712" width="904" height="904" frameX="138" frameY="506" frameWidth="400" frameHeight="230" />
<SubTexture name="BF NOTE LEFT0004" x="0" y="3616" width="904" height="904" frameX="138" frameY="506" frameWidth="400" frameHeight="230" />
<SubTexture name="BF NOTE LEFT0005" x="0" y="3616" width="904" height="904" frameX="138" frameY="506" frameWidth="400" frameHeight="230" />
<SubTexture name="BF NOTE LEFT0006" x="904" y="3616" width="904" height="904" frameX="138" frameY="506" frameWidth="400" frameHeight="230" />
<SubTexture name="BF NOTE LEFT0007" x="904" y="3616" width="904" height="904" frameX="138" frameY="506" frameWidth="400" frameHeight="230" />
<SubTexture name="BF NOTE LEFT0008" x="904" y="3616" width="904" height="904" frameX="138" frameY="506" frameWidth="400" frameHeight="230" />
<SubTexture name="BF NOTE LEFT0009" x="904" y="3616" width="904" height="904" frameX="138" frameY="506" frameWidth="400" frameHeight="230" />
<SubTexture name="BF NOTE LEFT0010" x="904" y="3616" width="904" height="904" frameX="138" frameY="506" frameWidth="400" frameHeight="230" />
<SubTexture name="BF NOTE LEFT0011" x="904" y="3616" width="904" height="904" frameX="138" frameY="506" frameWidth="400" frameHeight="230" />
<SubTexture name="BF NOTE LEFT0012" x="904" y="3616" width="904" height="904" frameX="138" frameY="506" frameWidth="400" frameHeight="230" />
<SubTexture name="BF NOTE LEFT0013" x="904" y="3616" width="904" height="904" frameX="138" frameY="506" frameWidth="400" frameHeight="230" />
<SubTexture name="BF NOTE LEFT0014" x="904" y="3616" width="904" height="904" frameX="138" frameY="506" frameWidth="400" frameHeight="230" />
<SubTexture name="BF NOTE RIGHT0000" x="1808" y="3616" width="904" height="904" frameX="188" frameY="507" frameWidth="400" frameHeight="230" />
<SubTexture name="BF NOTE RIGHT0001" x="1808" y="3616" width="904" height="904" frameX="188" frameY="507" frameWidth="400" frameHeight="230" />
<SubTexture name="BF NOTE RIGHT0002" x="2712" y="3616" width="904" height="904" frameX="188" frameY="507" frameWidth="400" frameHeight="230" />
<SubTexture name="BF NOTE RIGHT0003" x="2712" y="3616" width="904" height="904" frameX="188" frameY="507" frameWidth="400" frameHeight="230" />
<SubTexture name="BF NOTE RIGHT0004" x="3616" y="3616" width="904" height="904" frameX="188" frameY="507" frameWidth="400" frameHeight="230" />
<SubTexture name="BF NOTE RIGHT0005" x="3616" y="3616" width="904" height="904" frameX="188" frameY="507" frameWidth="400" frameHeight="230" />
<SubTexture name="BF NOTE RIGHT0006" x="0" y="4520" width="904" height="904" frameX="188" frameY="507" frameWidth="400" frameHeight="230" />
<SubTexture name="BF NOTE RIGHT0007" x="0" y="4520" width="904" height="904" frameX="188" frameY="507" frameWidth="400" frameHeight="230" />
<SubTexture name="BF NOTE RIGHT0008" x="0" y="4520" width="904" height="904" frameX="188" frameY="507" frameWidth="400" frameHeight="230" />
<SubTexture name="BF NOTE RIGHT0009" x="0" y="4520" width="904" height="904" frameX="188" frameY="507" frameWidth="400" frameHeight="230" />
<SubTexture name="BF NOTE RIGHT0010" x="0" y="4520" width="904" height="904" frameX="188" frameY="507" frameWidth="400" frameHeight="230" />
<SubTexture name="BF NOTE RIGHT0011" x="0" y="4520" width="904" height="904" frameX="188" frameY="507" frameWidth="400" frameHeight="230" />
<SubTexture name="BF NOTE RIGHT0012" x="0" y="4520" width="904" height="904" frameX="188" frameY="507" frameWidth="400" frameHeight="230" />
<SubTexture name="BF NOTE RIGHT0013" x="0" y="4520" width="904" height="904" frameX="188" frameY="507" frameWidth="400" frameHeight="230" />
<SubTexture name="BF NOTE RIGHT0014" x="0" y="4520" width="904" height="904" frameX="188" frameY="507" frameWidth="400" frameHeight="230" />
<SubTexture name="BF NOTE UP0000" x="904" y="4520" width="904" height="904" frameX="179" frameY="473" frameWidth="400" frameHeight="230" />
<SubTexture name="BF NOTE UP0001" x="904" y="4520" width="904" height="904" frameX="179" frameY="473" frameWidth="400" frameHeight="230" />
<SubTexture name="BF NOTE UP0002" x="1808" y="4520" width="904" height="904" frameX="179" frameY="473" frameWidth="400" frameHeight="230" />
<SubTexture name="BF NOTE UP0003" x="1808" y="4520" width="904" height="904" frameX="179" frameY="473" frameWidth="400" frameHeight="230" />
<SubTexture name="BF NOTE UP0004" x="2712" y="4520" width="904" height="904" frameX="179" frameY="473" frameWidth="400" frameHeight="230" />
<SubTexture name="BF NOTE UP0005" x="2712" y="4520" width="904" height="904" frameX="179" frameY="473" frameWidth="400" frameHeight="230" />
<SubTexture name="BF NOTE UP0006" x="3616" y="4520" width="904" height="904" frameX="179" frameY="473" frameWidth="400" frameHeight="230" />
<SubTexture name="BF NOTE UP0007" x="3616" y="4520" width="904" height="904" frameX="179" frameY="473" frameWidth="400" frameHeight="230" />
<SubTexture name="BF NOTE UP0008" x="3616" y="4520" width="904" height="904" frameX="179" frameY="473" frameWidth="400" frameHeight="230" />
<SubTexture name="BF NOTE UP0009" x="3616" y="4520" width="904" height="904" frameX="179" frameY="473" frameWidth="400" frameHeight="230" />
<SubTexture name="BF NOTE UP0010" x="3616" y="4520" width="904" height="904" frameX="179" frameY="473" frameWidth="400" frameHeight="230" />
<SubTexture name="BF NOTE UP0011" x="3616" y="4520" width="904" height="904" frameX="179" frameY="473" frameWidth="400" frameHeight="230" />
<SubTexture name="BF NOTE UP0012" x="3616" y="4520" width="904" height="904" frameX="179" frameY="473" frameWidth="400" frameHeight="230" />
<SubTexture name="BF NOTE UP0013" x="3616" y="4520" width="904" height="904" frameX="179" frameY="473" frameWidth="400" frameHeight="230" />
<SubTexture name="BF NOTE UP0014" x="3616" y="4520" width="904" height="904" frameX="179" frameY="473" frameWidth="400" frameHeight="230" />
</TextureAtlas>
